1,A,Netherlands,Senegal
1,B,Wales,England
1,C,Argentina,Poland
1,D,Australia,France
1,E,Spain,Germany
1,F,Belgium,Croatia
1,G,Brazil,Serbia
1,H,Portugal,Uruguay
2,A,Ecuador,Netherlands
2,B,England,USA
2,C,Argentina,Poland
2,D,Denmark,France
2,E,Japan,Germany
2,F,Croatia,Belgium
2,G,Brazil,Serbia
2,H,Portugal,Uruguay
3,A,Netherlands,Senegal
3,B,England,USA
3,C,Poland,Argentina
3,D,Australia,Denmark
3,E,Germany,Spain
3,F,Croatia,Belgium
3,G,Switzerland,Brazil
3,H,Uruguay,Ghana
4,A,Netherlands,Senegal
4,B,England,Wales
4,C,Poland,Mexico
4,D,France,Tunisia
4,E,Costa Rica,Japan
4,F,Morocco,Belgium
4,G,Brazil,Serbia
4,H,Portugal,Uruguay
5,A,Netherlands,Qatar
5,B,England,USA
5,C,Argentina,Mexico
5,D,Denmark,France
5,E,Spain,Japan
5,F,Belgium,Croatia
5,G,Serbia,Brazil
5,H,Portugal,Uruguay
6,A,Netherlands,Ecuador
6,B,England,USA
6,C,Argentina,Poland
6,D,France,Denmark
6,E,Spain,Germany
6,F,Belgium,Croatia
6,G,Serbia,Brazil
6,H,Portugal,Uruguay
7,A,Qatar,Netherlands
7,B,USA,England
7,C,Argentina,Poland
7,D,France,Denmark
7,E,Germany,Spain
7,F,Canada,Croatia
7,G,Brazil,Switzerland
7,H,Portugal,Uruguay
8,A,Netherlands,Senegal
8,B,England,USA
8,C,Argentina,Mexico
8,D,France,Denmark
8,E,Japan,Spain
8,F,Croatia,Canada
8,G,Brazil,Switzerland
8,H,South Korea,Portugal
9,A,Netherlands,Ecuador
9,B,England,Iran
9,C,Argentina,Mexico
9,D,France,Denmark
9,E,Spain,Japan
9,F,Morocco,Croatia
9,G,Brazil,Serbia
9,H,Portugal,South Korea
10,A,Senegal,Netherlands
10,B,Iran,England
10,C,Poland,Argentina
10,D,France,Denmark
10,E,Spain,Germany
10,F,Croatia,Belgium
10,G,Serbia,Brazil
10,H,Portugal,Uruguay
11,A,Ecuador,Netherlands
11,B,USA,Iran
11,C,Argentina,Poland
11,D,Denmark,France
11,E,Germany,Japan
11,F,Croatia,Belgium
11,G,Switzerland,Brazil
11,H,Portugal,Uruguay
12,A,Netherlands,Qatar
12,B,England,Wales
12,C,Argentina,Mexico
12,D,Denmark,Australia
12,E,Germany,Spain
12,F,Belgium,Croatia
12,G,Brazil,Serbia
12,H,Uruguay,Portugal
13,A,Netherlands,Ecuador
13,B,England,Iran
13,C,Argentina,Mexico
13,D,France,Denmark
13,E,Spain,Germany
13,F,Croatia,Canada
13,G,Brazil,Serbia
13,H,Ghana,Portugal
14,A,Netherlands,Senegal
14,B,Wales,Iran
14,C,Argentina,Mexico
14,D,Denmark,France
14,E,Germany,Spain
14,F,Belgium,Canada
14,G,Brazil,Serbia
14,H,Portugal,Uruguay
15,A,Ecuador,Netherlands
15,B,England,USA
15,C,Mexico,Poland
15,D,France,Denmark
15,E,Germany,Spain
15,F,Belgium,Croatia
15,G,Brazil,Switzerland
15,H,Uruguay,Portugal
16,A,Netherlands,Ecuador
16,B,England,Wales
16,C,Argentina,Poland
16,D,France,Denmark
16,E,Spain,Germany
16,F,Belgium,Canada
16,G,Brazil,Cameroon
16,H,Portugal,Ghana
17,A,Netherlands,Ecuador
17,B,England,Iran
17,C,Poland,Argentina
17,D,Denmark,France
17,E,Spain,Costa Rica
17,F,Belgium,Morocco
17,G,Brazil,Serbia
17,H,Uruguay,Portugal
18,A,Netherlands,Ecuador
18,B,England,Wales
18,C,Argentina,Mexico
18,D,France,Denmark
18,E,Germany,Spain
18,F,Croatia,Morocco
18,G,Serbia,Brazil
18,H,Uruguay,Portugal
19,A,Netherlands,Qatar
19,B,Wales,England
19,C,Argentina,Mexico
19,D,France,Denmark
19,E,Germany,Japan
19,F,Croatia,Morocco
19,G,Brazil,Serbia
19,H,Portugal,Uruguay
20,A,Netherlands,Ecuador
20,B,England,USA
20,C,Poland,Argentina
20,D,France,Denmark
20,E,Spain,Germany
20,F,Belgium,Croatia
20,G,Serbia,Brazil
20,H,Portugal,South Korea
21,A,Netherlands,Senegal
21,B,England,USA
21,C,Saudi Arabia,Argentina
21,D,France,Denmark
21,E,Costa Rica,Germany
21,F,Morocco,Croatia
21,G,Brazil,Serbia
21,H,Uruguay,Ghana
22,A,Netherlands,Ecuador
22,B,England,USA
22,C,Argentina,Poland
22,D,France,Denmark
22,E,Spain,Germany
22,F,Belgium,Croatia
22,G,Brazil,Cameroon
22,H,Portugal,Uruguay
23,A,Netherlands,Qatar
23,B,USA,England
23,C,Argentina,Mexico
23,D,France,Denmark
23,E,Spain,Japan
23,F,Croatia,Belgium
23,G,Brazil,Switzerland
23,H,Portugal,Ghana
24,A,Qatar,Senegal
24,B,England,Iran
24,C,Argentina,Poland
24,D,Denmark,France
24,E,Spain,Costa Rica
24,F,Croatia,Belgium
24,G,Brazil,Cameroon
24,H,Portugal,Uruguay
25,A,Netherlands,Senegal
25,B,England,USA
25,C,Mexico,Argentina
25,D,Denmark,France
25,E,Spain,Germany
25,F,Croatia,Belgium
25,G,Brazil,Switzerland
25,H,South Korea,Portugal
26,A,Netherlands,Qatar
26,B,England,USA
26,C,Argentina,Mexico
26,D,Denmark,France
26,E,Germany,Spain
26,F,Morocco,Belgium
26,G,Brazil,Cameroon
26,H,Ghana,Portugal
27,A,Ecuador,Netherlands
27,B,England,USA
27,C,Argentina,Mexico
27,D,Denmark,France
27,E,Germany,Spain
27,F,Croatia,Belgium
27,G,Serbia,Brazil
27,H,Portugal,Ghana
28,A,Netherlands,Ecuador
28,B,England,Iran
28,C,Argentina,Mexico
28,D,France,Denmark
28,E,Germany,Japan
28,F,Belgium,Canada
28,G,Brazil,Serbia
28,H,Uruguay,South Korea
29,A,Netherlands,Ecuador
29,B,England,Iran
29,C,Poland,Argentina
29,D,Denmark,France
29,E,Japan,Spain
29,F,Belgium,Croatia
29,G,Brazil,Serbia
29,H,Portugal,Uruguay
30,A,Netherlands,Senegal
30,B,England,USA
30,C,Argentina,Poland
30,D,Denmark,France
30,E,Spain,Germany
30,F,Croatia,Belgium
30,G,Brazil,Serbia
30,H,Portugal,Uruguay
31,A,Netherlands,Ecuador
31,B,England,USA
31,C,Argentina,Poland
31,D,Denmark,France
31,E,Germany,Spain
31,F,Croatia,Belgium
31,G,Brazil,Switzerland
31,H,Uruguay,Portugal
32,A,Ecuador,Senegal
32,B,Wales,USA
32,C,Argentina,Mexico
32,D,Denmark,Tunisia
32,E,Spain,Germany
32,F,Belgium,Morocco
32,G,Brazil,Cameroon
32,H,Portugal,South Korea
33,A,Netherlands,Qatar
33,B,England,Wales
33,C,Argentina,Mexico
33,D,France,Denmark
33,E,Germany,Japan
33,F,Belgium,Croatia
33,G,Brazil,Switzerland
33,H,Uruguay,Ghana
34,A,Ecuador,Netherlands
34,B,England,Wales
34,C,Argentina,Poland
34,D,Denmark,France
34,E,Germany,Spain
34,F,Belgium,Croatia
34,G,Brazil,Serbia
34,H,Portugal,Ghana
35,A,Netherlands,Senegal
35,B,Iran,England
35,C,Mexico,Argentina
35,D,Denmark,France
35,E,Spain,Germany
35,F,Belgium,Morocco
35,G,Serbia,Brazil
35,H,Portugal,South Korea
36,A,Netherlands,Ecuador
36,B,England,Iran
36,C,Argentina,Poland
36,D,France,Australia
36,E,Spain,Japan
36,F,Croatia,Morocco
36,G,Brazil,Serbia
36,H,Portugal,Ghana
37,A,Senegal,Qatar
37,B,England,USA
37,C,Argentina,Poland
37,D,France,Denmark
37,E,Germany,Costa Rica
37,F,Croatia,Canada
37,G,Brazil,Serbia
37,H,Portugal,Ghana
38,A,Netherlands,Ecuador
38,B,USA,Wales
38,C,Argentina,Mexico
38,D,France,Australia
38,E,Spain,Japan
38,F,Croatia,Belgium
38,G,Switzerland,Brazil
38,H,Portugal,Uruguay
39,A,Netherlands,Ecuador
39,B,England,USA
39,C,Argentina,Mexico
39,D,Denmark,France
39,E,Germany,Spain
39,F,Croatia,Belgium
39,G,Serbia,Brazil
39,H,Portugal,Uruguay
40,A,Ecuador,Netherlands
40,B,England,Iran
40,C,Mexico,Poland
40,D,France,Denmark
40,E,Spain,Germany
40,F,Belgium,Canada
40,G,Brazil,Cameroon
40,H,Portugal,South Korea
41,A,Netherlands,Senegal
41,B,England,USA
41,C,Mexico,Argentina
41,D,France,Australia
41,E,Japan,Spain
41,F,Croatia,Morocco
41,G,Switzerland,Brazil
41,H,Portugal,Uruguay
42,A,Ecuador,Netherlands
42,B,England,Wales
42,C,Argentina,Saudi Arabia
42,D,France,Australia
42,E,Costa Rica,Germany
42,F,Croatia,Belgium
42,G,Brazil,Switzerland
42,H,Portugal,Ghana
43,A,Netherlands,Senegal
43,B,USA,England
43,C,Argentina,Mexico
43,D,France,Denmark
43,E,Spain,Germany
43,F,Canada,Morocco
43,G,Brazil,Serbia
43,H,Portugal,Uruguay
44,A,Netherlands,Qatar
44,B,England,USA
44,C,Argentina,Poland
44,D,France,Denmark
44,E,Germany,Japan
44,F,Belgium,Croatia
44,G,Brazil,Cameroon
44,H,Uruguay,Portugal
45,A,Ecuador,Netherlands
45,B,Wales,England
45,C,Mexico,Argentina
45,D,France,Denmark
45,E,Spain,Japan
45,F,Croatia,Belgium
45,G,Brazil,Switzerland
45,H,Portugal,Uruguay
46,A,Netherlands,Senegal
46,B,England,Iran
46,C,Mexico,Poland
46,D,Tunisia,France
46,E,Germany,Japan
46,F,Belgium,Croatia
46,G,Brazil,Serbia
46,H,Portugal,Uruguay
47,A,Senegal,Ecuador
47,B,Wales,England
47,C,Argentina,Poland
47,D,Denmark,France
47,E,Germany,Spain
47,F,Belgium,Morocco
47,G,Brazil,Serbia
47,H,Uruguay,Ghana
48,A,Senegal,Netherlands
48,B,England,Iran
48,C,Argentina,Mexico
48,D,France,Denmark
48,E,Germany,Japan
48,F,Belgium,Croatia
48,G,Brazil,Serbia
48,H,Uruguay,Ghana
49,A,Qatar,Netherlands
49,B,Iran,England
49,C,Argentina,Poland
49,D,Denmark,France
49,E,Spain,Germany
49,F,Morocco,Belgium
49,G,Brazil,Serbia
49,H,Portugal,Uruguay
50,A,Netherlands,Senegal
50,B,USA,England
50,C,Argentina,Mexico
50,D,France,Australia
50,E,Spain,Germany
50,F,Belgium,Croatia
50,G,Brazil,Serbia
50,H,Portugal,South Korea
51,A,Senegal,Netherlands
51,B,USA,England
51,C,Argentina,Poland
51,D,France,Denmark
51,E,Spain,Costa Rica
51,F,Belgium,Canada
51,G,Brazil,Cameroon
51,H,Ghana,Portugal
52,A,Netherlands,Senegal
52,B,USA,Wales
52,C,Argentina,Mexico
52,D,Denmark,France
52,E,Spain,Germany
52,F,Morocco,Croatia
52,G,Brazil,Serbia
52,H,South Korea,Portugal
53,A,Senegal,Ecuador
53,B,Wales,England
53,C,Argentina,Saudi Arabia
53,D,France,Australia
53,E,Spain,Germany
53,F,Belgium,Croatia
53,G,Brazil,Switzerland
53,H,Portugal,Ghana
54,A,Netherlands,Qatar
54,B,England,Wales
54,C,Argentina,Mexico
54,D,France,Tunisia
54,E,Germany,Spain
54,F,Canada,Croatia
54,G,Brazil,Serbia
54,H,Uruguay,Portugal
55,A,Ecuador,Qatar
55,B,Iran,USA
55,C,Argentina,Poland
55,D,France,Denmark
55,E,Spain,Germany
55,F,Canada,Morocco
55,G,Brazil,Cameroon
55,H,Portugal,Ghana
56,A,Netherlands,Ecuador
56,B,England,Iran
56,C,Argentina,Poland
56,D,France,Australia
56,E,Germany,Spain
56,F,Belgium,Croatia
56,G,Brazil,Serbia
56,H,South Korea,Ghana
57,A,Netherlands,Ecuador
57,B,England,USA
57,C,Poland,Argentina
57,D,Denmark,France
57,E,Germany,Costa Rica
57,F,Belgium,Canada
57,G,Serbia,Brazil
57,H,Uruguay,Portugal
58,A,Netherlands,Ecuador
58,B,England,USA
58,C,Argentina,Mexico
58,D,France,Australia
58,E,Japan,Spain
58,F,Croatia,Belgium
58,G,Brazil,Serbia
58,H,Ghana,Portugal
59,A,Netherlands,Ecuador
59,B,England,Iran
59,C,Argentina,Mexico
59,D,France,Denmark
59,E,Spain,Germany
59,F,Canada,Belgium
59,G,Brazil,Switzerland
59,H,Portugal,Uruguay
60,A,Qatar,Netherlands
60,B,England,Iran
60,C,Argentina,Mexico
60,D,Denmark,France
60,E,Japan,Germany
60,F,Belgium,Croatia
60,G,Brazil,Serbia
60,H,Uruguay,Portugal
61,A,Netherlands,Ecuador
61,B,Iran,USA
61,C,Mexico,Argentina
61,D,France,Denmark
61,E,Spain,Japan
61,F,Belgium,Canada
61,G,Brazil,Cameroon
61,H,Portugal,Uruguay
62,A,Ecuador,Qatar
62,B,England,Wales
62,C,Argentina,Mexico
62,D,France,Denmark
62,E,Japan,Costa Rica
62,F,Croatia,Belgium
62,G,Brazil,Cameroon
62,H,Portugal,Ghana
63,A,Netherlands,Senegal
63,B,England,Iran
63,C,Argentina,Mexico
63,D,France,Denmark
63,E,Spain,Germany
63,F,Belgium,Morocco
63,G,Brazil,Switzerland
63,H,Portugal,Uruguay
64,A,Netherlands,Senegal
64,B,England,Wales
64,C,Argentina,Poland
64,D,France,Denmark
64,E,Germany,Spain
64,F,Belgium,Morocco
64,G,Switzerland,Brazil
64,H,Uruguay,Ghana
65,A,Netherlands,Senegal
65,B,England,USA
65,C,Mexico,Argentina
65,D,Denmark,France
65,E,Spain,Costa Rica
65,F,Morocco,Belgium
65,G,Brazil,Serbia
65,H,Portugal,Uruguay
66,A,Ecuador,Netherlands
66,B,England,USA
66,C,Argentina,Mexico
66,D,Denmark,France
66,E,Japan,Spain
66,F,Belgium,Morocco
66,G,Brazil,Switzerland
66,H,Uruguay,Portugal
67,A,Senegal,Ecuador
67,B,Iran,England
67,C,Argentina,Mexico
67,D,France,Tunisia
67,E,Germany,Spain
67,F,Belgium,Canada
67,G,Brazil,Switzerland
67,H,Uruguay,Portugal
68,A,Netherlands,Qatar
68,B,USA,Iran
68,C,Mexico,Argentina
68,D,France,Tunisia
68,E,Germany,Spain
68,F,Belgium,Croatia
68,G,Brazil,Serbia
68,H,South Korea,Uruguay
69,A,Netherlands,Senegal
69,B,England,Wales
69,C,Argentina,Poland
69,D,Denmark,Tunisia
69,E,Spain,Germany
69,F,Canada,Belgium
69,G,Brazil,Switzerland
69,H,Ghana,Portugal
70,A,Ecuador,Netherlands
70,B,England,USA
70,C,Argentina,Mexico
70,D,France,Denmark
70,E,Spain,Germany
70,F,Canada,Croatia
70,G,Switzerland,Brazil
70,H,Portugal,South Korea
71,A,Ecuador,Netherlands
71,B,England,Wales
71,C,Argentina,Poland
71,D,Tunisia,France
71,E,Germany,Japan
71,F,Belgium,Croatia
71,G,Brazil,Cameroon
71,H,Portugal,Uruguay
72,A,Netherlands,Ecuador
72,B,England,Iran
72,C,Argentina,Mexico
72,D,Denmark,France
72,E,Germany,Spain
72,F,Croatia,Belgium
72,G,Brazil,Switzerland
72,H,Uruguay,Portugal
73,A,Ecuador,Netherlands
73,B,USA,England
73,C,Argentina,Poland
73,D,France,Tunisia
73,E,Germany,Spain
73,F,Belgium,Croatia
73,G,Brazil,Switzerland
73,H,Portugal,South Korea
74,A,Netherlands,Ecuador
74,B,England,Iran
74,C,Argentina,Mexico
74,D,France,Denmark
74,E,Spain,Germany
74,F,Belgium,Morocco
74,G,Brazil,Serbia
74,H,Uruguay,Portugal
75,A,Netherlands,Senegal
75,B,England,USA
75,C,Argentina,Poland
75,D,France,Denmark
75,E,Spain,Germany
75,F,Croatia,Belgium
75,G,Brazil,Serbia
75,H,Portugal,Uruguay
76,A,Netherlands,Ecuador
76,B,England,USA
76,C,Argentina,Mexico
76,D,Denmark,France
76,E,Germany,Japan
76,F,Belgium,Croatia
76,G,Brazil,Serbia
76,H,Portugal,South Korea
77,A,Netherlands,Senegal
77,B,England,Wales
77,C,Mexico,Poland
77,D,France,Australia
77,E,Germany,Spain
77,F,Belgium,Croatia
77,G,Brazil,Cameroon
77,H,Portugal,South Korea
78,A,Ecuador,Netherlands
78,B,England,Iran
78,C,Argentina,Mexico
78,D,Australia,France
78,E,Spain,Germany
78,F,Belgium,Croatia
78,G,Brazil,Switzerland
78,H,Portugal,Ghana
79,A,Netherlands,Qatar
79,B,England,USA
79,C,Argentina,Poland
79,D,Denmark,France
79,E,Germany,Spain
79,F,Morocco,Croatia
79,G,Brazil,Switzerland
79,H,Portugal,Uruguay
80,A,Netherlands,Qatar
80,B,England,USA
80,C,Argentina,Mexico
80,D,France,Denmark
80,E,Spain,Germany
80,F,Belgium,Morocco
80,G,Brazil,Serbia
80,H,Portugal,South Korea
81,A,Netherlands,Senegal
81,B,USA,England
81,C,Mexico,Argentina
81,D,Denmark,France
81,E,Germany,Spain
81,F,Morocco,Belgium
81,G,Brazil,Cameroon
81,H,Ghana,Uruguay
82,A,Netherlands,Senegal
82,B,England,USA
82,C,Argentina,Mexico
82,D,France,Denmark
82,E,Japan,Germany
82,F,Belgium,Croatia
82,G,Brazil,Serbia
82,H,Portugal,Uruguay
83,A,Netherlands,Ecuador
83,B,England,Iran
83,C,Argentina,Saudi Arabia
83,D,Denmark,Australia
83,E,Spain,Germany
83,F,Morocco,Belgium
83,G,Serbia,Brazil
83,H,Portugal,South Korea
84,A,Netherlands,Ecuador
84,B,England,Iran
84,C,Mexico,Argentina
84,D,France,Denmark
84,E,Spain,Japan
84,F,Belgium,Morocco
84,G,Brazil,Switzerland
84,H,Portugal,Uruguay
85,A,Ecuador,Netherlands
85,B,USA,England
85,C,Argentina,Mexico
85,D,Denmark,France
85,E,Germany,Spain
85,F,Belgium,Croatia
85,G,Brazil,Serbia
85,H,Uruguay,Portugal
86,A,Netherlands,Ecuador
86,B,Wales,England
86,C,Argentina,Poland
86,D,France,Denmark
86,E,Germany,Spain
86,F,Belgium,Croatia
86,G,Serbia,Switzerland
86,H,Portugal,South Korea
87,A,Senegal,Netherlands
87,B,England,Wales
87,C,Argentina,Mexico
87,D,Denmark,France
87,E,Spain,Germany
87,F,Belgium,Canada
87,G,Cameroon,Brazil
87,H,Portugal,Uruguay
88,A,Netherlands,Qatar
88,B,England,USA
88,C,Argentina,Mexico
88,D,France,Denmark
88,E,Spain,Costa Rica
88,F,Belgium,Canada
88,G,Switzerland,Cameroon
88,H,Portugal,Ghana
89,A,Netherlands,Senegal
89,B,USA,England
89,C,Argentina,Mexico
89,D,France,Denmark
89,E,Germany,Japan
89,F,Belgium,Croatia
89,G,Cameroon,Brazil
89,H,South Korea,Uruguay
90,A,Netherlands,Senegal
90,B,England,USA
90,C,Argentina,Saudi Arabia
90,D,Denmark,France
90,E,Spain,Germany
90,F,Canada,Croatia
90,G,Switzerland,Brazil
90,H,Portugal,Ghana
91,A,Netherlands,Ecuador
91,B,USA,England
91,C,Poland,Argentina
91,D,Denmark,France
91,E,Germany,Japan
91,F,Croatia,Belgium
91,G,Brazil,Serbia
91,H,Uruguay,Portugal
92,A,Senegal,Netherlands
92,B,England,USA
92,C,Argentina,Mexico
92,D,Denmark,France
92,E,Spain,Japan
92,F,Croatia,Morocco
92,G,Brazil,Switzerland
92,H,Uruguay,Portugal
93,A,Netherlands,Ecuador
93,B,England,Iran
93,C,Argentina,Mexico
93,D,France,Denmark
93,E,Germany,Japan
93,F,Croatia,Belgium
93,G,Serbia,Switzerland
93,H,Uruguay,Portugal
94,A,Netherlands,Senegal
94,B,England,USA
94,C,Poland,Argentina
94,D,France,Denmark
94,E,Germany,Spain
94,F,Morocco,Belgium
94,G,Brazil,Cameroon
94,H,Portugal,South Korea
95,A,Netherlands,Qatar
95,B,England,USA
95,C,Argentina,Mexico
95,D,France,Denmark
95,E,Germany,Spain
95,F,Belgium,Canada
95,G,Brazil,Serbia
95,H,Portugal,Uruguay
96,A,Ecuador,Netherlands
96,B,Wales,USA
96,C,Argentina,Mexico
96,D,France,Denmark
96,E,Germany,Spain
96,F,Belgium,Canada
96,G,Brazil,Switzerland
96,H,Portugal,Uruguay
97,A,Netherlands,Qatar
97,B,England,Wales
97,C,Poland,Argentina
97,D,France,Tunisia
97,E,Spain,Germany
97,F,Belgium,Canada
97,G,Brazil,Serbia
97,H,Uruguay,South Korea
98,A,Netherlands,Ecuador
98,B,England,Wales
98,C,Argentina,Poland
98,D,Denmark,France
98,E,Germany,Spain
98,F,Belgium,Croatia
98,G,Brazil,Serbia
98,H,Portugal,Ghana
99,A,Ecuador,Netherlands
99,B,England,USA
99,C,Argentina,Poland
99,D,France,Tunisia
99,E,Germany,Spain
99,F,Croatia,Belgium
99,G,Brazil,Cameroon
99,H,Portugal,Uruguay
100,A,Netherlands,Ecuador
100,B,USA,England
100,C,Argentina,Mexico
100,D,France,Australia
100,E,Japan,Spain
100,F,Croatia,Belgium
100,G,Brazil,Serbia
100,H,South Korea,Ghana
101,A,Netherlands,Ecuador
101,B,England,Wales
101,C,Argentina,Mexico
101,D,Denmark,Australia
101,E,Germany,Spain
101,F,Belgium,Croatia
101,G,Brazil,Switzerland
101,H,Portugal,Ghana
102,A,Netherlands,Senegal
102,B,England,Iran
102,C,Argentina,Poland
102,D,Denmark,France
102,E,Germany,Spain
102,F,Belgium,Croatia
102,G,Brazil,Cameroon
102,H,Uruguay,Portugal
103,A,Netherlands,Ecuador
103,B,England,Iran
103,C,Argentina,Mexico
103,D,Denmark,France
103,E,Germany,Spain
103,F,Croatia,Belgium
103,G,Serbia,Brazil
103,H,Ghana,Portugal
104,A,Ecuador,Netherlands
104,B,England,Wales
104,C,Argentina,Mexico
104,D,France,Denmark
104,E,Germany,Spain
104,F,Croatia,Belgium
104,G,Brazil,Switzerland
104,H,Uruguay,Portugal
105,A,Netherlands,Senegal
105,B,England,Iran
105,C,Argentina,Poland
105,D,Denmark,France
105,E,Germany,Costa Rica
105,F,Croatia,Belgium
105,G,Switzerland,Brazil
105,H,Uruguay,South Korea
106,A,Netherlands,Senegal
106,B,Wales,England
106,C,Saudi Arabia,Argentina
106,D,Denmark,France
106,E,Germany,Japan
106,F,Belgium,Croatia
106,G,Switzerland,Serbia
106,H,Portugal,Uruguay
107,A,Netherlands,Senegal
107,B,England,Wales
107,C,Argentina,Mexico
107,D,France,Denmark
107,E,Germany,Spain
107,F,Belgium,Canada
107,G,Brazil,Serbia
107,H,South Korea,Portugal
108,A,Netherlands,Senegal
108,B,USA,England
108,C,Mexico,Poland
108,D,France,Denmark
108,E,Spain,Japan
108,F,Belgium,Croatia
108,G,Brazil,Switzerland
108,H,Uruguay,Portugal
109,A,Netherlands,Qatar
109,B,England,Wales
109,C,Poland,Argentina
109,D,Denmark,France
109,E,Germany,Spain
109,F,Belgium,Croatia
109,G,Cameroon,Serbia
109,H,Uruguay,Portugal
110,A,Netherlands,Senegal
110,B,England,Wales
110,C,Argentina,Mexico
110,D,France,Australia
110,E,Spain,Germany
110,F,Belgium,Morocco
110,G,Brazil,Serbia
110,H,Portugal,Ghana
111,A,Netherlands,Senegal
111,B,England,Wales
111,C,Argentina,Mexico
111,D,France,Australia
111,E,Spain,Germany
111,F,Croatia,Belgium
111,G,Brazil,Switzerland
111,H,Portugal,Uruguay
112,A,Netherlands,Ecuador
112,B,England,Wales
112,C,Argentina,Mexico
112,D,France,Denmark
112,E,Germany,Spain
112,F,Belgium,Croatia
112,G,Brazil,Serbia
112,H,Uruguay,Portugal
113,A,Senegal,Netherlands
113,B,England,USA
113,C,Argentina,Poland
113,D,France,Tunisia
113,E,Germany,Spain
113,F,Belgium,Croatia
113,G,Switzerland,Brazil
113,H,Portugal,Uruguay
114,A,Netherlands,Senegal
114,B,England,Wales
114,C,Argentina,Saudi Arabia
114,D,France,Denmark
114,E,Germany,Spain
114,F,Croatia,Belgium
114,G,Brazil,Serbia
114,H,Portugal,Ghana
115,A,Ecuador,Netherlands
115,B,England,Iran
115,C,Argentina,Poland
115,D,Denmark,Australia
115,E,Costa Rica,Germany
115,F,Belgium,Canada
115,G,Brazil,Cameroon
115,H,Ghana,Portugal
116,A,Netherlands,Senegal
116,B,England,Iran
116,C,Argentina,Saudi Arabia
116,D,Australia,France
116,E,Germany,Japan
116,F,Belgium,Canada
116,G,Brazil,Serbia
116,H,Uruguay,Ghana
117,A,Qatar,Ecuador
117,B,England,USA
117,C,Argentina,Mexico
117,D,Denmark,France
117,E,Germany,Spain
117,F,Morocco,Belgium
117,G,Brazil,Serbia
117,H,Ghana,Portugal
118,A,Netherlands,Ecuador
118,B,England,USA
118,C,Argentina,Poland
118,D,France,Tunisia
118,E,Germany,Japan
118,F,Belgium,Croatia
118,G,Brazil,Serbia
118,H,Uruguay,Portugal
119,A,Senegal,Netherlands
119,B,Wales,Iran
119,C,Mexico,Poland
119,D,Denmark,Australia
119,E,Spain,Germany
119,F,Croatia,Belgium
119,G,Brazil,Switzerland
119,H,Uruguay,Portugal
120,A,Netherlands,Qatar
120,B,England,Iran
120,C,Argentina,Poland
120,D,France,Denmark
120,E,Germany,Japan
120,F,Belgium,Croatia
120,G,Brazil,Switzerland
120,H,Ghana,Portugal
121,A,Netherlands,Ecuador
121,B,England,USA
121,C,Argentina,Poland
121,D,France,Australia
121,E,Germany,Spain
121,F,Belgium,Morocco
121,G,Brazil,Serbia
121,H,Portugal,Uruguay
122,A,Senegal,Netherlands
122,B,England,USA
122,C,Argentina,Mexico
122,D,France,Australia
122,E,Germany,Spain
122,F,Croatia,Belgium
122,G,Brazil,Switzerland
122,H,Portugal,Uruguay
123,A,Netherlands,Senegal
123,B,England,Iran
123,C,Argentina,Mexico
123,D,Denmark,France
123,E,Germany,Spain
123,F,Belgium,Croatia
123,G,Cameroon,Brazil
123,H,Portugal,Ghana
124,A,Netherlands,Qatar
124,B,England,USA
124,C,Argentina,Mexico
124,D,Denmark,France
124,E,Germany,Spain
124,F,Belgium,Morocco
124,G,Brazil,Serbia
124,H,Uruguay,South Korea
125,A,Netherlands,Senegal
125,B,England,USA
125,C,Argentina,Mexico
125,D,France,Denmark
125,E,Germany,Spain
125,F,Belgium,Canada
125,G,Brazil,Cameroon
125,H,Portugal,Uruguay
126,A,Netherlands,Ecuador
126,B,England,USA
126,C,Argentina,Poland
126,D,France,Denmark
126,E,Germany,Spain
126,F,Belgium,Croatia
126,G,Brazil,Serbia
126,H,Uruguay,Portugal
127,A,Ecuador,Netherlands
127,B,England,Wales
127,C,Argentina,Saudi Arabia
127,D,Denmark,France
127,E,Spain,Germany
127,F,Belgium,Canada
127,G,Brazil,Switzerland
127,H,Portugal,Ghana
128,A,Netherlands,Ecuador
128,B,England,USA
128,C,Argentina,Mexico
128,D,Denmark,France
128,E,Spain,Japan
128,F,Croatia,Belgium
128,G,Cameroon,Switzerland
128,H,Portugal,South Korea
129,A,Netherlands,Senegal
129,B,England,Wales
129,C,Argentina,Mexico
129,D,France,Denmark
129,E,Germany,Spain
129,F,Morocco,Croatia
129,G,Cameroon,Brazil
129,H,Portugal,Ghana
130,A,Netherlands,Qatar
130,B,England,Iran
130,C,Argentina,Saudi Arabia
130,D,Denmark,France
130,E,Germany,Spain
130,F,Belgium,Morocco
130,G,Brazil,Switzerland
130,H,Portugal,Ghana
131,A,Ecuador,Netherlands
131,B,England,USA
131,C,Argentina,Mexico
131,D,France,Denmark
131,E,Spain,Germany
131,F,Croatia,Morocco
131,G,Brazil,Cameroon
131,H,Portugal,South Korea
132,A,Ecuador,Netherlands
132,B,England,Iran
132,C,Poland,Argentina
132,D,France,Australia
132,E,Germany,Spain
132,F,Belgium,Morocco
132,G,Brazil,Cameroon
132,H,Portugal,Uruguay
133,A,Netherlands,Ecuador
133,B,England,USA
133,C,Argentina,Mexico
133,D,France,Australia
133,E,Germany,Spain
133,F,Belgium,Croatia
133,G,Brazil,Switzerland
133,H,Uruguay,Ghana
134,A,Netherlands,Ecuador
134,B,England,USA
134,C,Argentina,Mexico
134,D,Denmark,France
134,E,Germany,Japan
134,F,Belgium,Canada
134,G,Brazil,Serbia
134,H,Uruguay,South Korea
135,A,Netherlands,Senegal
135,B,England,USA
135,C,Mexico,Argentina
135,D,Tunisia,Denmark
135,E,Spain,Germany
135,F,Canada,Belgium
135,G,Brazil,Switzerland
135,H,Portugal,Ghana
136,A,Netherlands,Qatar
136,B,England,Iran
136,C,Argentina,Poland
136,D,Denmark,France
136,E,Japan,Germany
136,F,Belgium,Canada
136,G,Brazil,Switzerland
136,H,Uruguay,Portugal
137,A,Netherlands,Ecuador
137,B,England,Iran
137,C,Argentina,Mexico
137,D,Australia,France
137,E,Japan,Spain
137,F,Croatia,Morocco
137,G,Brazil,Switzerland
137,H,Portugal,Ghana
138,A,Ecuador,Netherlands
138,B,England,Iran
138,C,Mexico,Argentina
138,D,France,Denmark
138,E,Germany,Spain
138,F,Belgium,Croatia
138,G,Brazil,Switzerland
138,H,South Korea,Uruguay
139,A,Ecuador,Netherlands
139,B,England,USA
139,C,Argentina,Poland
139,D,France,Denmark
139,E,Germany,Spain
139,F,Morocco,Belgium
139,G,Brazil,Serbia
139,H,Portugal,South Korea
140,A,Netherlands,Qatar
140,B,USA,England
140,C,Argentina,Saudi Arabia
140,D,Denmark,France
140,E,Spain,Germany
140,F,Morocco,Croatia
140,G,Brazil,Serbia
140,H,South Korea,Ghana
141,A,Netherlands,Qatar
141,B,England,Wales
141,C,Argentina,Poland
141,D,Denmark,France
141,E,Germany,Spain
141,F,Belgium,Canada
141,G,Brazil,Switzerland
141,H,Portugal,Ghana
142,A,Qatar,Netherlands
142,B,England,Iran
142,C,Mexico,Argentina
142,D,France,Australia
142,E,Germany,Spain
142,F,Morocco,Canada
142,G,Switzerland,Brazil
142,H,Portugal,Ghana
143,A,Senegal,Ecuador
143,B,England,USA
143,C,Mexico,Poland
143,D,Denmark,Tunisia
143,E,Germany,Spain
143,F,Belgium,Canada
143,G,Brazil,Switzerland
143,H,Portugal,Uruguay
144,A,Netherlands,Ecuador
144,B,England,Wales
144,C,Argentina,Mexico
144,D,Denmark,Australia
144,E,Germany,Spain
144,F,Belgium,Canada
144,G,Cameroon,Brazil
144,H,Uruguay,Portugal
145,A,Netherlands,Qatar
145,B,England,USA
145,C,Argentina,Mexico
145,D,France,Denmark
145,E,Spain,Germany
145,F,Belgium,Canada
145,G,Brazil,Cameroon
145,H,Portugal,Uruguay
146,A,Netherlands,Senegal
146,B,England,Wales
146,C,Argentina,Poland
146,D,Denmark,Australia
146,E,Spain,Germany
146,F,Belgium,Croatia
146,G,Brazil,Cameroon
146,H,Portugal,Ghana
147,A,Netherlands,Qatar
147,B,England,Iran
147,C,Mexico,Argentina
147,D,Denmark,France
147,E,Germany,Spain
147,F,Morocco,Belgium
147,G,Brazil,Serbia
147,H,Portugal,South Korea
148,A,Netherlands,Senegal
148,B,England,Iran
148,C,Argentina,Poland
148,D,Denmark,France
148,E,Spain,Germany
148,F,Belgium,Morocco
148,G,Cameroon,Switzerland
148,H,Uruguay,Portugal
149,A,Ecuador,Netherlands
149,B,England,Iran
149,C,Poland,Mexico
149,D,France,Australia
149,E,Spain,Japan
149,F,Belgium,Croatia
149,G,Brazil,Serbia
149,H,Uruguay,Portugal
150,A,Netherlands,Qatar
150,B,England,Iran
150,C,Argentina,Poland
150,D,France,Denmark
150,E,Germany,Spain
150,F,Belgium,Canada
150,G,Brazil,Switzerland
150,H,Portugal,Uruguay
151,A,Senegal,Ecuador
151,B,England,USA
151,C,Argentina,Mexico
151,D,Denmark,France
151,E,Spain,Germany
151,F,Belgium,Canada
151,G,Brazil,Serbia
151,H,Portugal,Uruguay
152,A,Netherlands,Senegal
152,B,England,USA
152,C,Argentina,Mexico
152,D,France,Tunisia
152,E,Germany,Spain
152,F,Canada,Croatia
152,G,Brazil,Serbia
152,H,Portugal,Uruguay
153,A,Senegal,Netherlands
153,B,England,USA
153,C,Poland,Argentina
153,D,Australia,Denmark
153,E,Germany,Costa Rica
153,F,Croatia,Belgium
153,G,Brazil,Switzerland
153,H,Uruguay,Portugal
154,A,Netherlands,Senegal
154,B,England,Wales
154,C,Argentina,Mexico
154,D,France,Denmark
154,E,Germany,Japan
154,F,Belgium,Canada
154,G,Brazil,Cameroon
154,H,Portugal,Uruguay
155,A,Netherlands,Ecuador
155,B,Iran,England
155,C,Argentina,Poland
155,D,Denmark,France
155,E,Germany,Spain
155,F,Canada,Belgium
155,G,Brazil,Cameroon
155,H,Portugal,South Korea
156,A,Ecuador,Netherlands
156,B,England,Iran
156,C,Argentina,Mexico
156,D,France,Australia
156,E,Spain,Germany
156,F,Croatia,Morocco
156,G,Brazil,Serbia
156,H,Uruguay,Ghana
157,A,Senegal,Ecuador
157,B,England,USA
157,C,Argentina,Poland
157,D,France,Australia
157,E,Germany,Spain
157,F,Belgium,Morocco
157,G,Brazil,Cameroon
157,H,Uruguay,South Korea
158,A,Ecuador,Netherlands
158,B,England,USA
158,C,Argentina,Mexico
158,D,France,Denmark
158,E,Spain,Japan
158,F,Croatia,Belgium
158,G,Brazil,Serbia
158,H,Portugal,Uruguay
159,A,Netherlands,Qatar
159,B,England,Iran
159,C,Mexico,Argentina
159,D,France,Denmark
159,E,Germany,Japan
159,F,Croatia,Canada
159,G,Brazil,Serbia
159,H,Portugal,Ghana
160,A,Netherlands,Senegal
160,B,England,USA
160,C,Argentina,Mexico
160,D,France,Denmark
160,E,Germany,Spain
160,F,Croatia,Belgium
160,G,Brazil,Switzerland
160,H,Portugal,South Korea
161,A,Netherlands,Senegal
161,B,England,Wales
161,C,Mexico,Argentina
161,D,Denmark,France
161,E,Germany,Spain
161,F,Croatia,Canada
161,G,Brazil,Serbia
161,H,Ghana,Uruguay
162,A,Senegal,Netherlands
162,B,England,Iran
162,C,Argentina,Poland
162,D,Denmark,France
162,E,Germany,Costa Rica
162,F,Belgium,Croatia
162,G,Brazil,Switzerland
162,H,Portugal,Ghana
163,A,Netherlands,Qatar
163,B,England,Iran
163,C,Mexico,Argentina
163,D,France,Tunisia
163,E,Germany,Japan
163,F,Belgium,Croatia
163,G,Brazil,Switzerland
163,H,Portugal,Uruguay
164,A,Netherlands,Senegal
164,B,Iran,England
164,C,Argentina,Mexico
164,D,Denmark,France
164,E,Spain,Costa Rica
164,F,Morocco,Belgium
164,G,Brazil,Cameroon
164,H,Uruguay,Ghana
165,A,Netherlands,Senegal
165,B,England,Iran
165,C,Mexico,Argentina
165,D,France,Denmark
165,E,Spain,Japan
165,F,Belgium,Canada
165,G,Brazil,Switzerland
165,H,Portugal,Uruguay
166,A,Netherlands,Ecuador
166,B,USA,England
166,C,Mexico,Poland
166,D,France,Denmark
166,E,Spain,Germany
166,F,Croatia,Belgium
166,G,Cameroon,Brazil
166,H,Portugal,Ghana
167,A,Netherlands,Qatar
167,B,England,Iran
167,C,Argentina,Poland
167,D,Denmark,France
167,E,Germany,Spain
167,F,Belgium,Croatia
167,G,Brazil,Serbia
167,H,Portugal,South Korea
168,A,Netherlands,Ecuador
168,B,England,Iran
168,C,Argentina,Mexico
168,D,Denmark,France
168,E,Spain,Germany
168,F,Belgium,Croatia
168,G,Switzerland,Cameroon
168,H,Portugal,Ghana
169,A,Netherlands,Ecuador
169,B,England,Iran
169,C,Argentina,Mexico
169,D,France,Tunisia
169,E,Spain,Germany
169,F,Belgium,Croatia
169,G,Brazil,Serbia
169,H,Portugal,Uruguay
170,A,Ecuador,Netherlands
170,B,England,Iran
170,C,Poland,Mexico
170,D,France,Denmark
170,E,Spain,Japan
170,F,Belgium,Croatia
170,G,Brazil,Cameroon
170,H,Uruguay,Portugal
171,A,Ecuador,Senegal
171,B,England,Wales
171,C,Argentina,Mexico
171,D,France,Australia
171,E,Germany,Spain
171,F,Morocco,Belgium
171,G,Serbia,Switzerland
171,H,Uruguay,Portugal
172,A,Qatar,Netherlands
172,B,England,USA
172,C,Argentina,Poland
172,D,Denmark,France
172,E,Spain,Germany
172,F,Croatia,Belgium
172,G,Brazil,Switzerland
172,H,Portugal,Uruguay
173,A,Netherlands,Ecuador
173,B,England,USA
173,C,Argentina,Mexico
173,D,France,Australia
173,E,Spain,Germany
173,F,Belgium,Canada
173,G,Brazil,Cameroon
173,H,Portugal,Uruguay
174,A,Netherlands,Ecuador
174,B,England,USA
174,C,Argentina,Poland
174,D,France,Denmark
174,E,Spain,Germany
174,F,Morocco,Belgium
174,G,Brazil,Cameroon
174,H,Ghana,Uruguay
175,A,Netherlands,Qatar
175,B,England,USA
175,C,Argentina,Poland
175,D,France,Denmark
175,E,Japan,Spain
175,F,Croatia,Morocco
175,G,Brazil,Switzerland
175,H,Portugal,Uruguay
176,A,Netherlands,Senegal
176,B,USA,England
176,C,Mexico,Argentina
176,D,France,Denmark
176,E,Spain,Germany
176,F,Belgium,Croatia
176,G,Serbia,Brazil
176,H,Uruguay,Portugal
177,A,Netherlands,Ecuador
177,B,USA,England
177,C,Argentina,Poland
177,D,France,Denmark
177,E,Germany,Japan
177,F,Canada,Belgium
177,G,Brazil,Switzerland
177,H,South Korea,Portugal
178,A,Netherlands,Qatar
178,B,USA,England
178,C,Mexico,Argentina
178,D,Denmark,Tunisia
178,E,Germany,Costa Rica
178,F,Belgium,Morocco
178,G,Brazil,Serbia
178,H,Uruguay,South Korea
179,A,Netherlands,Ecuador
179,B,England,Wales
179,C,Argentina,Poland
179,D,Denmark,France
179,E,Germany,Spain
179,F,Croatia,Morocco
179,G,Brazil,Switzerland
179,H,Uruguay,Portugal
180,A,Ecuador,Senegal
180,B,England,Iran
180,C,Poland,Mexico
180,D,France,Denmark
180,E,Spain,Germany
180,F,Morocco,Canada
180,G,Brazil,Serbia
180,H,Uruguay,Portugal
181,A,Senegal,Netherlands
181,B,England,USA
181,C,Argentina,Mexico
181,D,Denmark,France
181,E,Spain,Germany
181,F,Belgium,Croatia
181,G,Brazil,Cameroon
181,H,Portugal,Ghana
182,A,Netherlands,Qatar
182,B,England,USA
182,C,Argentina,Poland
182,D,Denmark,France
182,E,Spain,Germany
182,F,Belgium,Canada
182,G,Brazil,Cameroon
182,H,Portugal,South Korea
183,A,Netherlands,Senegal
183,B,England,USA
183,C,Mexico,Argentina
183,D,France,Tunisia
183,E,Germany,Japan
183,F,Belgium,Canada
183,G,Brazil,Cameroon
183,H,Ghana,Portugal
184,A,Ecuador,Netherlands
184,B,England,Wales
184,C,Argentina,Mexico
184,D,France,Denmark
184,E,Spain,Germany
184,F,Belgium,Canada
184,G,Brazil,Cameroon
184,H,Portugal,South Korea
185,A,Netherlands,Qatar
185,B,England,Iran
185,C,Argentina,Poland
185,D,France,Denmark
185,E,Japan,Germany
185,F,Belgium,Croatia
185,G,Serbia,Brazil
185,H,Portugal,South Korea
186,A,Netherlands,Ecuador
186,B,USA,Iran
186,C,Poland,Mexico
186,D,France,Denmark
186,E,Germany,Spain
186,F,Canada,Belgium
186,G,Brazil,Serbia
186,H,Portugal,Ghana
187,A,Ecuador,Netherlands
187,B,England,Iran
187,C,Mexico,Argentina
187,D,Denmark,France
187,E,Spain,Germany
187,F,Croatia,Belgium
187,G,Brazil,Switzerland
187,H,Uruguay,Portugal
188,A,Netherlands,Senegal
188,B,USA,Wales
188,C,Mexico,Argentina
188,D,Denmark,Tunisia
188,E,Spain,Germany
188,F,Croatia,Belgium
188,G,Brazil,Serbia
188,H,Portugal,Ghana
189,A,Netherlands,Senegal
189,B,Iran,USA
189,C,Mexico,Argentina
189,D,Denmark,France
189,E,Germany,Spain
189,F,Belgium,Croatia
189,G,Serbia,Brazil
189,H,Uruguay,Ghana
190,A,Netherlands,Qatar
190,B,England,Wales
190,C,Argentina,Poland
190,D,Denmark,France
190,E,Germany,Spain
190,F,Belgium,Croatia
190,G,Brazil,Switzerland
190,H,Portugal,South Korea
191,A,Netherlands,Ecuador
191,B,England,USA
191,C,Argentina,Poland
191,D,Denmark,Tunisia
191,E,Germany,Japan
191,F,Belgium,Croatia
191,G,Brazil,Cameroon
191,H,Portugal,Uruguay
192,A,Ecuador,Netherlands
192,B,England,USA
192,C,Argentina,Mexico
192,D,Denmark,France
192,E,Germany,Spain
192,F,Croatia,Belgium
192,G,Brazil,Cameroon
192,H,Portugal,South Korea
193,A,Netherlands,Senegal
193,B,England,Wales
193,C,Poland,Mexico
193,D,France,Australia
193,E,Germany,Japan
193,F,Belgium,Croatia
193,G,Brazil,Serbia
193,H,Portugal,Uruguay
194,A,Netherlands,Ecuador
194,B,Wales,England
194,C,Poland,Argentina
194,D,Denmark,France
194,E,Spain,Germany
194,F,Belgium,Croatia
194,G,Brazil,Serbia
194,H,Portugal,Ghana
195,A,Netherlands,Ecuador
195,B,England,Iran
195,C,Argentina,Poland
195,D,France,Denmark
195,E,Spain,Germany
195,F,Croatia,Belgium
195,G,Brazil,Cameroon
195,H,Uruguay,Portugal
196,A,Ecuador,Netherlands
196,B,England,Iran
196,C,Argentina,Mexico
196,D,Australia,Denmark
196,E,Spain,Germany
196,F,Belgium,Croatia
196,G,Brazil,Switzerland
196,H,Portugal,Ghana
197,A,Netherlands,Senegal
197,B,England,Wales
197,C,Argentina,Poland
197,D,France,Denmark
197,E,Germany,Japan
197,F,Belgium,Morocco
197,G,Brazil,Serbia
197,H,Portugal,Uruguay
198,A,Netherlands,Ecuador
198,B,England,Iran
198,C,Argentina,Mexico
198,D,Denmark,France
198,E,Germany,Spain
198,F,Belgium,Canada
198,G,Brazil,Cameroon
198,H,Uruguay,Ghana
199,A,Netherlands,Qatar
199,B,England,USA
199,C,Argentina,Poland
199,D,Australia,France
199,E,Germany,Spain
199,F,Morocco,Belgium
199,G,Switzerland,Serbia
199,H,Ghana,Uruguay
200,A,Ecuador,Netherlands
200,B,England,Wales
200,C,Argentina,Mexico
200,D,Tunisia,Denmark
200,E,Spain,Germany
200,F,Belgium,Croatia
200,G,Brazil,Switzerland
200,H,Portugal,South Korea
201,A,Ecuador,Netherlands
201,B,USA,England
201,C,Argentina,Poland
201,D,France,Tunisia
201,E,Germany,Costa Rica
201,F,Croatia,Belgium
201,G,Brazil,Cameroon
201,H,Uruguay,Portugal
202,A,Netherlands,Qatar
202,B,Iran,USA
202,C,Argentina,Mexico
202,D,France,Tunisia
202,E,Spain,Germany
202,F,Belgium,Croatia
202,G,Brazil,Serbia
202,H,Portugal,Uruguay
203,A,Netherlands,Senegal
203,B,England,Wales
203,C,Argentina,Mexico
203,D,Denmark,France
203,E,Spain,Japan
203,F,Belgium,Croatia
203,G,Brazil,Switzerland
203,H,Portugal,Uruguay
204,A,Netherlands,Ecuador
204,B,England,Iran
204,C,Argentina,Mexico
204,D,France,Australia
204,E,Spain,Germany
204,F,Croatia,Morocco
204,G,Brazil,Serbia
204,H,Portugal,Ghana
205,A,Netherlands,Senegal
205,B,USA,England
205,C,Argentina,Mexico
205,D,Denmark,France
205,E,Spain,Germany
205,F,Croatia,Belgium
205,G,Brazil,Switzerland
205,H,Uruguay,Ghana
206,A,Netherlands,Qatar
206,B,England,Wales
206,C,Argentina,Mexico
206,D,Denmark,France
206,E,Spain,Costa Rica
206,F,Croatia,Belgium
206,G,Brazil,Serbia
206,H,Portugal,Uruguay
207,A,Ecuador,Netherlands
207,B,England,Wales
207,C,Argentina,Poland
207,D,Denmark,France
207,E,Germany,Spain
207,F,Croatia,Belgium
207,G,Brazil,Switzerland
207,H,Portugal,Uruguay
208,A,Qatar,Ecuador
208,B,England,Wales
208,C,Argentina,Saudi Arabia
208,D,France,Australia
208,E,Spain,Germany
208,F,Belgium,Croatia
208,G,Brazil,Serbia
208,H,Portugal,South Korea
209,A,Netherlands,Ecuador
209,B,England,Wales
209,C,Saudi Arabia,Mexico
209,D,Denmark,France
209,E,Germany,Spain
209,F,Belgium,Croatia
209,G,Brazil,Serbia
209,H,Uruguay,Ghana
210,A,Netherlands,Qatar
210,B,England,Iran
210,C,Argentina,Poland
210,D,Tunisia,Denmark
210,E,Spain,Germany
210,F,Belgium,Croatia
210,G,Cameroon,Brazil
210,H,Uruguay,Portugal
211,A,Ecuador,Netherlands
211,B,England,USA
211,C,Argentina,Mexico
211,D,France,Denmark
211,E,Spain,Germany
211,F,Belgium,Canada
211,G,Brazil,Switzerland
211,H,Portugal,South Korea
212,A,Netherlands,Ecuador
212,B,Iran,England
212,C,Argentina,Mexico
212,D,France,Denmark
212,E,Germany,Japan
212,F,Belgium,Croatia
212,G,Brazil,Cameroon
212,H,Uruguay,Ghana
213,A,Netherlands,Ecuador
213,B,England,USA
213,C,Argentina,Mexico
213,D,France,Denmark
213,E,Germany,Spain
213,F,Canada,Belgium
213,G,Switzerland,Brazil
213,H,Portugal,Uruguay
214,A,Ecuador,Netherlands
214,B,England,USA
214,C,Argentina,Mexico
214,D,France,Denmark
214,E,Germany,Spain
214,F,Belgium,Canada
214,G,Serbia,Cameroon
214,H,Portugal,South Korea
215,A,Senegal,Qatar
215,B,England,USA
215,C,Argentina,Mexico
215,D,France,Denmark
215,E,Spain,Germany
215,F,Belgium,Morocco
215,G,Cameroon,Switzerland
215,H,Portugal,Uruguay
216,A,Netherlands,Qatar
216,B,Wales,England
216,C,Argentina,Poland
216,D,Australia,Denmark
216,E,Germany,Spain
216,F,Belgium,Morocco
216,G,Brazil,Serbia
216,H,Ghana,Portugal
217,A,Netherlands,Senegal
217,B,Iran,England
217,C,Argentina,Poland
217,D,France,Denmark
217,E,Spain,Costa Rica
217,F,Belgium,Croatia
217,G,Brazil,Serbia
217,H,Uruguay,South Korea
218,A,Netherlands,Qatar
218,B,England,Wales
218,C,Argentina,Mexico
218,D,Denmark,France
218,E,Spain,Germany
218,F,Belgium,Croatia
218,G,Switzerland,Brazil
218,H,Uruguay,Ghana
219,A,Ecuador,Netherlands
219,B,England,USA
219,C,Argentina,Poland
219,D,Denmark,France
219,E,Germany,Spain
219,F,Croatia,Belgium
219,G,Brazil,Cameroon
219,H,Uruguay,Ghana
220,A,Netherlands,Ecuador
220,B,England,USA
220,C,Argentina,Mexico
220,D,France,Denmark
220,E,Germany,Japan
220,F,Belgium,Croatia
220,G,Brazil,Serbia
220,H,South Korea,Portugal
221,A,Netherlands,Senegal
221,B,Wales,USA
221,C,Argentina,Poland
221,D,France,Denmark
221,E,Germany,Spain
221,F,Belgium,Croatia
221,G,Brazil,Serbia
221,H,Uruguay,Portugal
222,A,Netherlands,Senegal
222,B,England,USA
222,C,Mexico,Argentina
222,D,France,Denmark
222,E,Spain,Germany
222,F,Belgium,Canada
222,G,Serbia,Brazil
222,H,Portugal,South Korea
223,A,Netherlands,Qatar
223,B,England,USA
223,C,Mexico,Argentina
223,D,France,Denmark
223,E,Germany,Japan
223,F,Belgium,Croatia
223,G,Brazil,Serbia
223,H,Portugal,South Korea
224,A,Netherlands,Ecuador
224,B,England,USA
224,C,Mexico,Argentina
224,D,Denmark,France
224,E,Germany,Spain
224,F,Canada,Belgium
224,G,Switzerland,Serbia
224,H,Portugal,Uruguay
225,A,Netherlands,Qatar
225,B,England,USA
225,C,Argentina,Mexico
225,D,Denmark,Tunisia
225,E,Germany,Japan
225,F,Croatia,Belgium
225,G,Brazil,Serbia
225,H,Portugal,Ghana
226,A,Netherlands,Ecuador
226,B,England,Iran
226,C,Argentina,Mexico
226,D,France,Australia
226,E,Germany,Spain
226,F,Belgium,Canada
226,G,Brazil,Switzerland
226,H,Portugal,South Korea
227,A,Netherlands,Qatar
227,B,England,Iran
227,C,Argentina,Mexico
227,D,Denmark,Australia
227,E,Japan,Spain
227,F,Belgium,Croatia
227,G,Brazil,Serbia
227,H,Portugal,Uruguay
228,A,Qatar,Netherlands
228,B,England,Wales
228,C,Saudi Arabia,Mexico
228,D,Tunisia,France
228,E,Spain,Germany
228,F,Belgium,Croatia
228,G,Brazil,Switzerland
228,H,Portugal,Ghana
229,A,Ecuador,Netherlands
229,B,England,Wales
229,C,Argentina,Poland
229,D,Denmark,France
229,E,Spain,Costa Rica
229,F,Croatia,Belgium
229,G,Brazil,Serbia
229,H,Portugal,Uruguay
230,A,Netherlands,Ecuador
230,B,England,USA
230,C,Argentina,Mexico
230,D,France,Australia
230,E,Germany,Spain
230,F,Belgium,Canada
230,G,Brazil,Serbia
230,H,Uruguay,Portugal
231,A,Ecuador,Netherlands
231,B,England,Iran
231,C,Argentina,Mexico
231,D,France,Tunisia
231,E,Germany,Spain
231,F,Belgium,Croatia
231,G,Brazil,Serbia
231,H,Uruguay,Ghana
232,A,Netherlands,Ecuador
232,B,Iran,USA
232,C,Mexico,Saudi Arabia
232,D,Denmark,France
232,E,Germany,Japan
232,F,Belgium,Canada
232,G,Brazil,Cameroon
232,H,Portugal,Ghana
233,A,Ecuador,Netherlands
233,B,England,Iran
233,C,Argentina,Poland
233,D,France,Denmark
233,E,Germany,Spain
233,F,Belgium,Canada
233,G,Brazil,Cameroon
233,H,Uruguay,Portugal
234,A,Netherlands,Ecuador
234,B,England,USA
234,C,Poland,Argentina
234,D,France,Denmark
234,E,Spain,Costa Rica
234,F,Croatia,Belgium
234,G,Brazil,Cameroon
234,H,Portugal,South Korea
235,A,Netherlands,Ecuador
235,B,England,USA
235,C,Argentina,Mexico
235,D,Australia,France
235,E,Spain,Japan
235,F,Croatia,Canada
235,G,Cameroon,Serbia
235,H,Uruguay,Ghana
236,A,Netherlands,Senegal
236,B,England,Iran
236,C,Poland,Argentina
236,D,France,Tunisia
236,E,Germany,Spain
236,F,Croatia,Belgium
236,G,Brazil,Serbia
236,H,Portugal,Ghana
237,A,Netherlands,Qatar
237,B,England,Wales
237,C,Poland,Argentina
237,D,France,Denmark
237,E,Germany,Spain
237,F,Croatia,Belgium
237,G,Brazil,Serbia
237,H,Portugal,Uruguay
238,A,Ecuador,Netherlands
238,B,England,USA
238,C,Argentina,Poland
238,D,France,Australia
238,E,Spain,Costa Rica
238,F,Belgium,Croatia
238,G,Brazil,Switzerland
238,H,Uruguay,Portugal
239,A,Netherlands,Ecuador
239,B,England,Iran
239,C,Argentina,Poland
239,D,Denmark,France
239,E,Spain,Germany
239,F,Belgium,Croatia
239,G,Brazil,Switzerland
239,H,Portugal,Uruguay
240,A,Ecuador,Netherlands
240,B,England,Wales
240,C,Argentina,Mexico
240,D,Australia,France
240,E,Spain,Germany
240,F,Canada,Belgium
240,G,Brazil,Switzerland
240,H,Portugal,South Korea
241,A,Netherlands,Ecuador
241,B,Wales,England
241,C,Argentina,Mexico
241,D,France,Australia
241,E,Germany,Spain
241,F,Belgium,Morocco
241,G,Brazil,Switzerland
241,H,Portugal,Uruguay
242,A,Netherlands,Senegal
242,B,England,USA
242,C,Argentina,Poland
242,D,France,Tunisia
242,E,Spain,Germany
242,F,Belgium,Croatia
242,G,Switzerland,Serbia
242,H,Portugal,South Korea
243,A,Netherlands,Senegal
243,B,England,USA
243,C,Argentina,Poland
243,D,France,Australia
243,E,Germany,Japan
243,F,Belgium,Canada
243,G,Brazil,Serbia
243,H,Uruguay,Portugal
244,A,Netherlands,Senegal
244,B,England,Iran
244,C,Poland,Argentina
244,D,France,Tunisia
244,E,Germany,Japan
244,F,Belgium,Canada
244,G,Brazil,Serbia
244,H,Portugal,Ghana
245,A,Netherlands,Ecuador
245,B,USA,England
245,C,Argentina,Poland
245,D,Denmark,France
245,E,Germany,Spain
245,F,Belgium,Croatia
245,G,Brazil,Cameroon
245,H,Ghana,Portugal
246,A,Netherlands,Ecuador
246,B,England,Iran
246,C,Poland,Mexico
246,D,Denmark,Australia
246,E,Germany,Japan
246,F,Belgium,Morocco
246,G,Brazil,Serbia
246,H,South Korea,Uruguay
247,A,Netherlands,Qatar
247,B,England,Wales
247,C,Argentina,Mexico
247,D,Denmark,France
247,E,Germany,Japan
247,F,Croatia,Belgium
247,G,Serbia,Brazil
247,H,Ghana,Portugal
248,A,Netherlands,Qatar
248,B,England,USA
248,C,Argentina,Saudi Arabia
248,D,France,Tunisia
248,E,Spain,Germany
248,F,Croatia,Morocco
248,G,Switzerland,Serbia
248,H,Portugal,Uruguay
249,A,Netherlands,Ecuador
249,B,England,USA
249,C,Argentina,Mexico
249,D,Denmark,Tunisia
249,E,Germany,Spain
249,F,Belgium,Canada
249,G,Brazil,Cameroon
249,H,Portugal,South Korea
250,A,Netherlands,Senegal
250,B,England,Iran
250,C,Argentina,Mexico
250,D,Tunisia,Denmark
250,E,Spain,Germany
250,F,Belgium,Croatia
250,G,Switzerland,Brazil
250,H,Uruguay,Portugal
